{
    "1": {
        "Mean Hit Rate @1": 0.5,
        "MRR @1": 0.5,
        "Mean Precision @1": 0.6190476190476191,
        "Mean Kendall Tau-b @1": 0.0
    },
    "3": {
        "Mean Hit Rate @3": 0.6428571428571429,
        "MRR @3": 0.5674603174603176,
        "Mean Precision @3": 0.4999999999999999,
        "Mean Kendall Tau-b @3": 0.35714285714285715
    },
    "5": {
        "Mean Hit Rate @5": 0.7380952380952381,
        "MRR @5": 0.5876984126984127,
        "Mean Precision @5": 0.38095238095238093,
        "Mean Kendall Tau-b @5": 0.2460317460317461
    }
}