{
    "1": {
        "Mean Hit Rate @1": 0.5151515151515151,
        "MRR @1": 0.5151515151515151,
        "Mean Precision @1": 0.6363636363636364,
        "Mean Kendall Tau-b @1": 0.0
    },
    "3": {
        "Mean Hit Rate @3": 0.8181818181818182,
        "MRR @3": 0.6414141414141413,
        "Mean Precision @3": 0.505050505050505,
        "Mean Kendall Tau-b @3": 0.12121212121212122
    },
    "5": {
        "Mean Hit Rate @5": 0.8484848484848485,
        "MRR @5": 0.6489898989898989,
        "Mean Precision @5": 0.3878787878787878,
        "Mean Kendall Tau-b @5": 0.30909090909090914
    }
}